po,margin
AZ,50.15683167912931
PA,50.58920525934906
NV,51.2231173400438
WI,50.319063266533995
MI,51.413559344409464
GA,50.11932966290864
NC,49.315799346214185
